{
    "engineVersion": "5.2.4",
    "compilerVersion": "5.2.4",
    "template": {},
    "target": {
        "current": "web"
    },
    "eui": {
        "exmlRoot": [
            "resource/eui_skins"
        ],
        "themes": [
            "resource/default.thm.json"
        ],
        "exmlPublishPolicy": "commonjs"
    },
    "modules": [
        {
            "name": "egret"
        },
        {
            "name": "eui"
        },
        {
            "name": "assetsmanager"
        },
        {
            "name": "tween"
        },
        {
            "name": "game"
        },
        {
            "name": "promise"
        }
    ]
}